[

	{
		"id":1,
		"name":"play volleyball",
		"location":"Ponderosa Park, Sunnyvale, CA",
		"time":"28TH NOV, 2003, 8:00AM",
		"temperature":"17",
		"type":"play",
		"rating":4,
		"ratingType":"type1"
	},
	{
		"id":2,
		"name":"running",
		"location":"Ponderosa Park, Sunnyvale, CA",
		"time":"30TH NOV, 2003, 8:00PM",
		"temperature":"17",
		"type":"running",
		"rating":3,
		"ratingType":"type2"
	},
	{
		"id":3,
		"name":"sports event",
		"location":"Ponderosa Park, Sunnyvale, CA",
		"time":"1ST DEV, 2003, 8:00AM",
		"temperature":"17",
		"type":"sports",
		"rating":3,
		"ratingType":"type1"
	},
	{
		"id":4,
		"name":"running",
		"location":"Ponderosa Park, Sunnyvale, CA",
		"time":"30TH NOV, 2003, 8:00AM",
		"temperature":"17",
		"type":"play",
		"ratingType":"type3"
	},
	{
		"id":5,
		"name":"play volleyball",
		"location":"Ponderosa Park, Sunnyvale, CA",
		"time":"28TH NOV, 2003, 8:0PM",
		"temperature":"17",
		"type":"play",
		"ratingType":"type3"
	},
	{
		"id":6,
		"name":"running",
		"location":"Ponderosa Park, Sunnyvale, CA",
		"time":"30TH NOV, 2003, 8:00PM",
		"temperature":"17",
		"type":"running",
		"ratingType":"type3"
	},
	{
		"id":7,
		"name":"sports event",
		"location":"Ponderosa Park, Sunnyvale, CA",
		"time":"1ST DEV, 2003, 8:00AM",
		"temperature":"17",
		"type":"sports",
		"ratingType":"type3"
	},
	{
		"id":8,
		"name":"running",
		"location":"Ponderosa Park, Sunnyvale, CA",
		"time":"30TH NOV, 2003, 8:00AM",
		"temperature":"17",
		"type":"play",
		"ratingType":"type3"
	}
]